ELO_Range,0,1
<1000,,
1001-1500,80.31512605042016,87.81132075471699
1501-2000,,
2001-2500,,
2501-3000,,
3000+,,
